{
  "jumpoff1": {
    "category": "master",
    "sounds": [
      "jumpoff1"
    ]
  },
  "jumpoff2": {
    "category": "master",
    "sounds": [
      "jumpoff2"
    ]
  },
  "anath.sfx": {
    "category": "master",
    "sounds": [
      "anath/anath_sfx"
    ]
  },
  "anath.select": {
    "category": "master",
    "sounds": [
      "anath/select_anath"
    ]
  },
  "anath.death": {
    "category": "master",
    "sounds": [
      "anath/death_anath"
    ]
  },
  "anath.jumpoff": {
    "category": "master",
    "sounds": [
      "anath/jumpoff_anath"
    ]
  },
  "anath.landing": {
    "category": "master",
    "sounds": [
      "anath/landing_anath"
    ]
  },
  "anath.hit": {
    "category": "master",
    "sounds": [
      "anath/hit_anath_1",
      "anath/hit_anath_2",
      "anath/hit_anath_3"
    ]
  },
  "anath.kill": {
    "category": "master",
    "sounds": [
      "anath/kill_anath_1",
      "anath/kill_anath_2",
      "anath/kill_anath_3",
      "anath/kill_anath_4"
    ]
  },
  "anath.passive": {
    "category": "master",
    "sounds": [
      "anath/passive_anath_1",
      "anath/passive_anath_2",
      "anath/passive_anath_3",
      "anath/passive_anath_4"
    ]
  },
  "anath.ult": {
    "category": "master",
    "sounds": [
      "anath/ult_anath_1",
      "anath/ult_anath_2"
    ]
  },
  "anath.win": {
    "category": "master",
    "sounds": [
      "anath/win_anath_1",
      "anath/win_anath_2",
      "anath/win_anath_3"
    ]
  },
  "bardolf.sfx": {
    "category": "master",
    "sounds": [
      "bardolf/bardolf_sfx"
    ]
  },
  "bardolf.select": {
    "category": "master",
    "sounds": [
      "bardolf/select_bardolf"
    ]
  },
  "bardolf.death": {
    "category": "master",
    "sounds": [
      "bardolf/death_bardolf"
    ]
  },
  "bardolf.jumpoff": {
    "category": "master",
    "sounds": [
      "bardolf/jumpoff_bardolf"
    ]
  },
  "bardolf.landing": {
    "category": "master",
    "sounds": [
      "bardolf/landing_bardolf"
    ]
  },
  "bardolf.hit": {
    "category": "master",
    "sounds": [
      "bardolf/hit_bardolf_1",
      "bardolf/hit_bardolf_2",
      "bardolf/hit_bardolf_3"
    ]
  },
  "bardolf.kill": {
    "category": "master",
    "sounds": [
      "bardolf/kill_bardolf_1",
      "bardolf/kill_bardolf_2",
      "bardolf/kill_bardolf_3",
      "bardolf/kill_bardolf_4"
    ]
  },
  "bardolf.passive": {
    "category": "master",
    "sounds": [
      "bardolf/passive_bardolf_1",
      "bardolf/passive_bardolf_2",
      "bardolf/passive_bardolf_3",
      "bardolf/passive_bardolf_4",
      "bardolf/passive_bardolf_5"
    ]
  },
  "bardolf.ult": {
    "category": "master",
    "sounds": [
      "bardolf/ult_bardolf_1",
      "bardolf/ult_bardolf_2",
      "bardolf/ult_bardolf_3",
      "bardolf/ult_bardolf_4",
      "bardolf/ult_bardolf_5"
    ]
  },
  "bardolf.ult.sfx": {
    "category": "master",
    "sounds": [
      "bardolf/ult_bardolf_sfx_1",
      "bardolf/ult_bardolf_sfx_2"
    ]
  },
  "bardolf.win": {
    "category": "master",
    "sounds": [
      "bardolf/win_bardolf_1",
      "bardolf/win_bardolf_2"
    ]
  },
  "biff.sfx": {
    "category": "master",
    "sounds": [
      "biff/biff_sfx"
    ]
  },
  "biff.select": {
    "category": "master",
    "sounds": [
      "biff/select_biff"
    ]
  },
  "biff.death": {
    "category": "master",
    "sounds": [
      "biff/death_biff"
    ]
  },
  "biff.jumpoff": {
    "category": "master",
    "sounds": [
      "biff/jumpoff_biff"
    ]
  },
  "biff.landing": {
    "category": "master",
    "sounds": [
      "biff/landing_biff"
    ]
  },
  "biff.hit": {
    "category": "master",
    "sounds": [
      "biff/hit_biff_1",
      "biff/hit_biff_2",
      "biff/hit_biff_3"
    ]
  },
  "biff.kill": {
    "category": "master",
    "sounds": [
      "biff/kill_biff_1",
      "biff/kill_biff_2",
      "biff/kill_biff_3",
      "biff/kill_biff_4"
    ]
  },
  "biff.ult": {
    "category": "master",
    "sounds": [
      "biff/ult_biff_1",
      "biff/ult_biff_2",
      "biff/ult_biff_3",
      "biff/ult_biff_4",
      "biff/ult_biff_5",
      "biff/ult_biff_6"
    ]
  },
  "biff.win": {
    "category": "master",
    "sounds": [
      "biff/win_biff_1",
      "biff/win_biff_2",
      "biff/win_biff_3"
    ]
  },
  "dana.sfx": {
    "category": "master",
    "sounds": [
      "dana/dana_sfx"
    ]
  },
  "dana.select": {
    "category": "master",
    "sounds": [
      "dana/select_dana"
    ]
  },
  "dana.death": {
    "category": "master",
    "sounds": [
      "dana/death_dana"
    ]
  },
  "dana.jumpoff": {
    "category": "master",
    "sounds": [
      "dana/jumpoff_dana"
    ]
  },
  "dana.landing": {
    "category": "master",
    "sounds": [
      "dana/landing_dana"
    ]
  },
  "dana.hit": {
    "category": "master",
    "sounds": [
      "dana/hit_dana_1",
      "dana/hit_dana_2",
      "dana/hit_dana_3"
    ]
  },
  "dana.kill": {
    "category": "master",
    "sounds": [
      "dana/kill_dana_1",
      "dana/kill_dana_2",
      "dana/kill_dana_3",
      "dana/kill_dana_4"
    ]
  },
  "dana.ult": {
    "category": "master",
    "sounds": [
      "dana/ult_dana_1",
      "dana/ult_dana_2",
      "dana/ult_dana_3",
      "dana/ult_dana_4",
      "dana/ult_dana_5"
    ]
  },
  "dana.win": {
    "category": "master",
    "sounds": [
      "dana/win_dana_1",
      "dana/win_dana_2"
    ]
  },
  "devon.sfx": {
    "category": "master",
    "sounds": [
      "devon/devon_sfx"
    ]
  },
  "devon.select": {
    "category": "master",
    "sounds": [
      "devon/select_devon"
    ]
  },
  "devon.death": {
    "category": "master",
    "sounds": [
      "devon/death_devon"
    ]
  },
  "devon.jumpoff": {
    "category": "master",
    "sounds": [
      "devon/jumpoff_devon"
    ]
  },
  "devon.landing": {
    "category": "master",
    "sounds": [
      "devon/landing_devon"
    ]
  },
  "devon.hit": {
    "category": "master",
    "sounds": [
      "devon/hit_devon_1",
      "devon/hit_devon_2",
      "devon/hit_devon_3"
    ]
  },
  "devon.kill": {
    "category": "master",
    "sounds": [
      "devon/kill_devon_1",
      "devon/kill_devon_2",
      "devon/kill_devon_3",
      "devon/kill_devon_4"
    ]
  },
  "devon.ult": {
    "category": "master",
    "sounds": [
      "devon/ult_devon_1",
      "devon/ult_devon_2",
      "devon/ult_devon_3"
    ]
  },
  "devon.win": {
    "category": "master",
    "sounds": [
      "devon/win_devon_1",
      "devon/win_devon_2"
    ]
  },
  "grim.sfx": {
    "category": "master",
    "sounds": [
      "grim/grim_sfx"
    ]
  },
  "grim.select": {
    "category": "master",
    "sounds": [
      "grim/select_grim"
    ]
  },
  "grim.death": {
    "category": "master",
    "sounds": [
      "grim/death_grim"
    ]
  },
  "grim.jumpoff": {
    "category": "master",
    "sounds": [
      "grim/jumpoff_grim"
    ]
  },
  "grim.landing": {
    "category": "master",
    "sounds": [
      "grim/landing_grim"
    ]
  },
  "grim.hit": {
    "category": "master",
    "sounds": [
      "grim/hit_grim_1",
      "grim/hit_grim_2",
      "grim/hit_grim_3"
    ]
  },
  "grim.kill": {
    "category": "master",
    "sounds": [
      "grim/kill_grim_1",
      "grim/kill_grim_2",
      "grim/kill_grim_3",
      "grim/kill_grim_4",
      "grim/kill_grim_5",
      "grim/kill_grim_6",
      "grim/kill_grim_7"
    ]
  },
  "grim.ult": {
    "category": "master",
    "sounds": [
      "grim/ult_grim_1",
      "grim/ult_grim_2",
      "grim/ult_grim_3",
      "grim/ult_grim_4",
      "grim/ult_grim_5"
    ]
  },
  "grim.win": {
    "category": "master",
    "sounds": [
      "grim/win_grim_1",
      "grim/win_grim_2",
      "grim/win_grim_3",
      "grim/win_grim_4",
      "grim/win_grim_5"
    ]
  },
  "hattori.sfx": {
    "category": "master",
    "sounds": [
      "hattori/hattori_sfx"
    ]
  },
  "hattori.select": {
    "category": "master",
    "sounds": [
      "hattori/select_hattori"
    ]
  },
  "hattori.death": {
    "category": "master",
    "sounds": [
      "hattori/death_hattori"
    ]
  },
  "hattori.jumpoff": {
    "category": "master",
    "sounds": [
      "hattori/jumpoff_hattori"
    ]
  },
  "hattori.landing": {
    "category": "master",
    "sounds": [
      "hattori/landing_hattori"
    ]
  },
  "hattori.hit": {
    "category": "master",
    "sounds": [
      "hattori/hit_hattori_1",
      "hattori/hit_hattori_2",
      "hattori/hit_hattori_3"
    ]
  },
  "hattori.kill": {
    "category": "master",
    "sounds": [
      "hattori/kill_hattori_1",
      "hattori/kill_hattori_2",
      "hattori/kill_hattori_3",
      "hattori/kill_hattori_4",
      "hattori/kill_hattori_5"
    ]
  },
  "hattori.ult": {
    "category": "master",
    "sounds": [
      "hattori/ult_hattori_1",
      "hattori/ult_hattori_2",
      "hattori/ult_hattori_3"
    ]
  },
  "hattori.win": {
    "category": "master",
    "sounds": [
      "hattori/win_hattori_1",
      "hattori/win_hattori_2",
      "hattori/win_hattori_3"
    ]
  },
  "ivy.sfx": {
    "category": "master",
    "sounds": [
      "ivy/ivy_sfx"
    ]
  },
  "ivy.select": {
    "category": "master",
    "sounds": [
      "ivy/select_ivy"
    ]
  },
  "ivy.death": {
    "category": "master",
    "sounds": [
      "ivy/death_ivy"
    ]
  },
  "ivy.jumpoff": {
    "category": "master",
    "sounds": [
      "ivy/jumpoff_ivy"
    ]
  },
  "ivy.landing": {
    "category": "master",
    "sounds": [
      "ivy/landing_ivy"
    ]
  },
  "ivy.hit": {
    "category": "master",
    "sounds": [
      "ivy/hit_ivy_1",
      "ivy/hit_ivy_2",
      "ivy/hit_ivy_3"
    ]
  },
  "ivy.kill": {
    "category": "master",
    "sounds": [
      "ivy/kill_ivy_1",
      "ivy/kill_ivy_2",
      "ivy/kill_ivy_3",
      "ivy/kill_ivy_4"
    ]
  },
  "ivy.ult": {
    "category": "master",
    "sounds": [
      "ivy/ult_ivy_1",
      "ivy/ult_ivy_2",
      "ivy/ult_ivy_3",
      "ivy/ult_ivy_4"
    ]
  },
  "ivy.win": {
    "category": "master",
    "sounds": [
      "ivy/win_ivy_1",
      "ivy/win_ivy_2",
      "ivy/win_ivy_3"
    ]
  },
  "larissa.sfx": {
    "category": "master",
    "sounds": [
      "larissa/larissa_sfx"
    ]
  },
  "larissa.ult.sfx": {
    "category": "master",
    "sounds": [
      "larissa/ult_larissa_sfx"
    ]
  },
  "larissa.select": {
    "category": "master",
    "sounds": [
      "larissa/select_larissa"
    ]
  },
  "larissa.death": {
    "category": "master",
    "sounds": [
      "larissa/death_larissa"
    ]
  },
  "larissa.jumpoff": {
    "category": "master",
    "sounds": [
      "larissa/jumpoff_larissa"
    ]
  },
  "larissa.landing": {
    "category": "master",
    "sounds": [
      "larissa/landing_larissa"
    ]
  },
  "larissa.hit": {
    "category": "master",
    "sounds": [
      "larissa/hit_larissa_1",
      "larissa/hit_larissa_2",
      "larissa/hit_larissa_3"
    ]
  },
  "larissa.kill": {
    "category": "master",
    "sounds": [
      "larissa/kill_larissa_1",
      "larissa/kill_larissa_2",
      "larissa/kill_larissa_3"
    ]
  },
  "larissa.ult": {
    "category": "master",
    "sounds": [
      "larissa/ult_larissa_1",
      "larissa/ult_larissa_2",
      "larissa/ult_larissa_3"
    ]
  },
  "larissa.win": {
    "category": "master",
    "sounds": [
      "larissa/win_larissa_1",
      "larissa/win_larissa_2",
      "larissa/win_larissa_3"
    ]
  },
  "rowena.sfx": {
    "category": "master",
    "sounds": [
      "rowena/rowena_sfx"
    ]
  },
  "rowena.select": {
    "category": "master",
    "sounds": [
      "rowena/select_rowena"
    ]
  },
  "rowena.death": {
    "category": "master",
    "sounds": [
      "rowena/death_rowena"
    ]
  },
  "rowena.jumpoff": {
    "category": "master",
    "sounds": [
      "rowena/jumpoff_rowena"
    ]
  },
  "rowena.landing": {
    "category": "master",
    "sounds": [
      "rowena/landing_rowena"
    ]
  },
  "rowena.hit": {
    "category": "master",
    "sounds": [
      "rowena/hit_rowena_1",
      "rowena/hit_rowena_2",
      "rowena/hit_rowena_3"
    ]
  },
  "rowena.kill": {
    "category": "master",
    "sounds": [
      "rowena/kill_rowena_1",
      "rowena/kill_rowena_2",
      "rowena/kill_rowena_3",
      "rowena/kill_rowena_4",
      "rowena/kill_rowena_5",
      "rowena/kill_rowena_6"
    ]
  },
  "rowena.passive": {
    "category": "master",
    "sounds": [
      "rowena/passive_rowena_1",
      "rowena/passive_rowena_2",
      "rowena/passive_rowena_3",
      "rowena/passive_rowena_4",
      "rowena/passive_rowena_5",
      "rowena/passive_rowena_6"
    ]
  },
  "rowena.ult": {
    "category": "master",
    "sounds": [
      "rowena/ult_rowena_1",
      "rowena/ult_rowena_2",
      "rowena/ult_rowena_3"
    ]
  },
  "rowena.win": {
    "category": "master",
    "sounds": [
      "rowena/win_rowena_1",
      "rowena/win_rowena_2",
      "rowena/win_rowena_3"
    ]
  }
}